gb,cal,fr,ger
184.09593162975762,320.3306422367374,52.12106334750043,305.32801311436504
179.74886285231904,318.8341234438662,51.64868793676604,303.6214206819849
178.25572218294684,316.69407923239487,51.057759698468466,301.56191119635025
178.22308201443568,316.189992840164,50.791734506147144,300.8166868458085
178.20091292293253,315.41181508131257,50.48850856999823,300.26170523484234
178.16229069199437,314.7993349013098,50.179459468373175,299.3516286455022
178.14163746558438,314.29817712554114,49.84727412203101,298.7561147260694
177.95097555336383,311.03265808989386,49.71839012643749,297.37639540292525
